Feature,F_score,p_value,Filter_SelectKBest_Selected
R&D Spend,13767.572353493406,0.0,True
Marketing Spend,1229.4400456889337,3.4825550105852075e-176,True
Administration,41.023768291119616,2.312572927142837e-10,False
State_Florida,14.09365055839942,0.00018397509051109521,False
State_New York,0.9472583638022676,0.3306539741407566,False
