Feature_Set,Processed_Feature_Count,MAE,RMSE,R2
1: R&D only,1,6077.363300620385,7714.334890830176,0.9265108109341953
2: R&D + Marketing,2,6469.181721468597,8206.328813165861,0.9168381183550246
3: numeric all,3,6979.152252370399,8995.905803361416,0.900065308303732
4: R&D + Marketing + State,4,6454.510107266872,8254.686589379775,0.915855127628212
5: all predictors,5,6961.477813275555,9055.957323497805,0.8987266414319839
