Feature,Correlation
R&D Spend,0.9729004656594828
Marketing Spend,0.7477657217414767
Administration,0.20071656826872147
