Feature,Importance,Cumulative_Importance
R&D Spend,0.9227976787128978,0.9227976787128978
Marketing Spend,0.0669740691576104,0.9897717478705081
Administration,0.007220569677102932,0.9969923175476111
State_New York,0.0015675288073632304,0.9985598463549743
State_Florida,0.0014401536450255527,0.9999999999999999
