Feature,F_score,p_value
R&D Spend,849.788904395608,3.500322243690324e-32
Marketing Spend,60.88145448316868,4.3810731820310186e-10
Administration,2.014959723359595,0.16221739470358248
State_Florida,0.6574955353060399,0.4214479133054556
State_New York,0.04727497938149858,0.828796347410752
